{
	"pages": [
		{
			"number": 0,
			"width": 595.2760009765625,
			"height": 841.8900146484375,
			"fields": {
				"sadas": {
					"key": {
						"x_top_left": 5.297985839843761,
						"y_top_left": 29.379998779296884,
						"width": 123.80000000000001,
						"height": 74.20001831054688
					},
					"value": {
						"x_top_left": 282.8979858398438,
						"y_top_left": 49.7,
						"width": 144.59999999999997,
						"height": 101.40000000000002
					}
				},
				"dada": {
					"key": {
						"x_top_left": 66.89798583984376,
						"y_top_left": 118.98000488281251,
						"width": 219.00000000000003,
						"height": 176.60000000000002
					},
					"value": {
						"x_top_left": 354.09803466796876,
						"y_top_left": 158.5,
						"width": 127.00000000000006,
						"height": 153.40000000000003
					}
				}
			}
		}
	]
}